{
    "rtdetr-l": {
        "AP": {
            "values": [
                4.511555717032049e-05,
                2.418936070531038e-05,
                8.585394455073946e-06
            ],
            "mean": 2.5963437443568275e-05,
            "std": 1.4966043970836516e-05,
            "count": 3
        },
        "AP50": {
            "values": [
                0.0002933915914583445,
                7.662931827333599e-05,
                5.8522086703240256e-05
            ],
            "mean": 0.0001428476654783069,
            "std": 0.00010670699194803041,
            "count": 3
        },
        "AP75": {
            "values": [
                2.5650233417124096e-06,
                1.3808912271980335e-05,
                0.0
            ],
            "mean": 5.457978537897581e-06,
            "std": 5.997133029437947e-06,
            "count": 3
        },
        "AP_small": {
            "values": [
                0.0,
                0.0,
                0.0
            ],
            "mean": 0.0,
            "std": 0.0,
            "count": 3
        },
        "AP_medium": {
            "values": [
                0.0,
                3.237984591591362e-05,
                5.638238206675102e-06
            ],
            "mean": 1.2672694707529575e-05,
            "std": 1.4123887309127217e-05,
            "count": 3
        },
        "AP_large": {
            "values": [
                9.214336372287032e-05,
                5.13116490744788e-05,
                5.388463374639351e-05
            ],
            "mean": 6.577988218124755e-05,
            "std": 1.867136723751264e-05,
            "count": 3
        },
        "AR_max1": {
            "values": [
                0.0,
                0.0,
                0.000625
            ],
            "mean": 0.00020833333333333335,
            "std": 0.0002946278254943948,
            "count": 3
        },
        "AR_max10": {
            "values": [
                0.00125,
                0.0018750000000000004,
                0.000625
            ],
            "mean": 0.00125,
            "std": 0.0005103103630798289,
            "count": 3
        },
        "AR_max100": {
            "values": [
                0.01125,
                0.01125,
                0.005625
            ],
            "mean": 0.009375,
            "std": 0.0026516504294495534,
            "count": 3
        },
        "AR_small": {
            "values": [
                0.0,
                0.0,
                0.0
            ],
            "mean": 0.0,
            "std": 0.0,
            "count": 3
        },
        "AR_medium": {
            "values": [
                0.0,
                0.010958904109589041,
                0.005479452054794521
            ],
            "mean": 0.0054794520547945215,
            "std": 0.004473953868097129,
            "count": 3
        },
        "AR_large": {
            "values": [
                0.021176470588235293,
                0.011764705882352941,
                0.0058823529411764705
            ],
            "mean": 0.012941176470588235,
            "std": 0.006298971923219219,
            "count": 3
        }
    },
    "yolo11s": {
        "AP": {
            "values": [
                0.00013247902900167385,
                0.00023457572748847595,
                0.00021412145097447893
            ],
            "mean": 0.0001937254024882096,
            "std": 4.410542714804254e-05,
            "count": 3
        },
        "AP50": {
            "values": [
                0.0004099726023544657,
                0.0007992968983845339,
                0.0007582101956116868
            ],
            "mean": 0.0006558265654502288,
            "std": 0.0001746523359202613,
            "count": 3
        },
        "AP75": {
            "values": [
                6.131503648873622e-05,
                7.427189234567063e-05,
                5.704156319449868e-05
            ],
            "mean": 6.42094973429685e-05,
            "std": 7.325957884670274e-06,
            "count": 3
        },
        "AP_small": {
            "values": [
                0.0,
                0.0,
                0.0
            ],
            "mean": 0.0,
            "std": 0.0,
            "count": 3
        },
        "AP_medium": {
            "values": [
                0.00011660152190334242,
                5.045090496310778e-05,
                1.609917089269903e-05
            ],
            "mean": 6.105053258638307e-05,
            "std": 4.170886971201464e-05,
            "count": 3
        },
        "AP_large": {
            "values": [
                0.0002212648097279321,
                0.000425781807172806,
                0.0003999498991426532
            ],
            "mean": 0.00034899883868113045,
            "std": 9.09351728158837e-05,
            "count": 3
        },
        "AR_max1": {
            "values": [
                0.0,
                0.0,
                0.0
            ],
            "mean": 0.0,
            "std": 0.0,
            "count": 3
        },
        "AR_max10": {
            "values": [
                0.0,
                0.0,
                0.011250000000000001
            ],
            "mean": 0.0037500000000000003,
            "std": 0.005303300858899108,
            "count": 3
        },
        "AR_max100": {
            "values": [
                0.053125,
                0.064375,
                0.06000000000000001
            ],
            "mean": 0.059166666666666666,
            "std": 0.004630439743936016,
            "count": 3
        },
        "AR_small": {
            "values": [
                0.0,
                0.0,
                0.0
            ],
            "mean": 0.0,
            "std": 0.0,
            "count": 3
        },
        "AR_medium": {
            "values": [
                0.010958904109589041,
                0.005479452054794521,
                0.0013698630136986301
            ],
            "mean": 0.005936073059360732,
            "std": 0.003928002405042296,
            "count": 3
        },
        "AR_large": {
            "values": [
                0.09058823529411765,
                0.11647058823529413,
                0.11176470588235295
            ],
            "mean": 0.10627450980392157,
            "std": 0.0112570196818881,
            "count": 3
        }
    },
    "yolo26n": {
        "AP": {
            "values": [
                0.00016750586630984775
            ],
            "mean": 0.00016750586630984775,
            "std": 0.0,
            "count": 1
        },
        "AP50": {
            "values": [
                0.001165601981537468
            ],
            "mean": 0.001165601981537468,
            "std": 0.0,
            "count": 1
        },
        "AP75": {
            "values": [
                1.9674098557396722e-05
            ],
            "mean": 1.9674098557396722e-05,
            "std": 0.0,
            "count": 1
        },
        "AP_small": {
            "values": [
                0.0
            ],
            "mean": 0.0,
            "std": 0.0,
            "count": 1
        },
        "AP_medium": {
            "values": [
                1.3609608383518764e-05
            ],
            "mean": 1.3609608383518764e-05,
            "std": 0.0,
            "count": 1
        },
        "AP_large": {
            "values": [
                0.0003335126170777553
            ],
            "mean": 0.0003335126170777553,
            "std": 0.0,
            "count": 1
        },
        "AR_max1": {
            "values": [
                0.000625
            ],
            "mean": 0.000625,
            "std": 0.0,
            "count": 1
        },
        "AR_max10": {
            "values": [
                0.001875
            ],
            "mean": 0.001875,
            "std": 0.0,
            "count": 1
        },