{
    "rtdetr-l": {
        "AP": {
            "values": [
                0.00022679476201490246,
                3.2229785478547855e-07,
                0.0001153050108084106
            ],
            "mean": 0.00011414069022603285,
            "std": 9.246066186042861e-05,
            "count": 3
        },
        "AP50": {
            "values": [
                0.0006813254461592353,
                3.222978547854785e-06,
                0.0005116017989505737
            ],
            "mean": 0.0003987167412192213,
            "std": 0.00028811226554871386,
            "count": 3
        },
        "AP75": {
            "values": [
                8.271965311484552e-05,
                0.0,
                1.8748916078289222e-05
            ],
            "mean": 3.3822856397711585e-05,
            "std": 3.54123614050727e-05,
            "count": 3
        },
        "AP_small": {
            "values": [
                0.0,
                0.0,
                0.0
            ],
            "mean": 0.0,
            "std": 0.0,
            "count": 3
        },
        "AP_medium": {
            "values": [
                7.65265703488768e-05,
                1.62311313098523e-05,
                0.00010278486726590676
            ],
            "mean": 6.518085630821196e-05,
            "std": 3.623470916406904e-05,
            "count": 3
        },
        "AP_large": {
            "values": [
                0.00047666395454144177,
                0.0,
                0.00018939032146357215
            ],
            "mean": 0.0002220180920016713,
            "std": 0.00019596013191035662,
            "count": 3
        },
        "AR_max1": {
            "values": [
                0.000625,
                0.0,
                0.0
            ],
            "mean": 0.00020833333333333335,
            "std": 0.0002946278254943948,
            "count": 3
        },
        "AR_max10": {
            "values": [
                0.010625,
                0.0,
                0.005625
            ],
            "mean": 0.005416666666666667,
            "std": 0.004340138886666596,
            "count": 3
        },
        "AR_max100": {
            "values": [
                0.05375,
                0.000625,
                0.039375
            ],
            "mean": 0.03125,
            "std": 0.022436252286571094,
            "count": 3
        },
        "AR_small": {
            "values": [
                0.0,
                0.0,
                0.0
            ],
            "mean": 0.0,
            "std": 0.0,
            "count": 3
        },
        "AR_medium": {
            "values": [
                0.03150684931506849,
                0.0013698630136986301,
                0.021917808219178082
            ],
            "mean": 0.0182648401826484,
            "std": 0.012571598080307033,
            "count": 3
        },
        "AR_large": {
            "values": [
                0.07411764705882354,
                0.0,
                0.05529411764705883
            ],
            "mean": 0.04313725490196079,
            "std": 0.03145577196887134,
            "count": 3
        }
    },
    "yolo11n": {
        "AP": {
            "values": [
                0.00015766440562135173,
                0.000679836747869673,
                0.00030341322115179993
            ],
            "mean": 0.00038030479154760826,
            "std": 0.00022000033931901812,
            "count": 3
        },
        "AP50": {
            "values": [
                0.0005016931671255705,
                0.0020824956477176002,
                0.0011020765758416556
            ],
            "mean": 0.0012287551302282754,
            "std": 0.00065154673036173,
            "count": 3
        },
        "AP75": {
            "values": [
                3.335408608775844e-05,
                0.00014855590574937026,
                7.304308446337072e-05
            ],
            "mean": 8.498435876683315e-05,
            "std": 4.7782914222062905e-05,
            "count": 3
        },
        "AP_small": {
            "values": [
                0.0,
                0.0,
                0.0
            ],
            "mean": 0.0,
            "std": 0.0,
            "count": 3
        },
        "AP_medium": {
            "values": [
                0.0,
                0.0,
                0.0
            ],
            "mean": 0.0,
            "std": 0.0,
            "count": 3
        },
        "AP_large": {
            "values": [
                0.00031299928010819955,
                0.0011907982740300502,
                0.000583636991043802
            ],
            "mean": 0.000695811515060684,
            "std": 0.0003670332512741989,
            "count": 3
        },
        "AR_max1": {
            "values": [
                0.0,
                0.003125,
                0.0
            ],
            "mean": 0.0010416666666666667,
            "std": 0.0014731391274719742,
            "count": 3
        },
        "AR_max10": {
            "values": [
                0.00625,
                0.01125,
                0.008125
            ],
            "mean": 0.008541666666666668,
            "std": 0.0020623947784607632,
            "count": 3
        },
        "AR_max100": {
            "values": [
                0.048749999999999995,
                0.05187499999999999,
                0.058124999999999996
            ],
            "mean": 0.05291666666666667,
            "std": 0.0038975597778895233,
            "count": 3
        },
        "AR_small": {
            "values": [
                0.0,
                0.0,
                0.0
            ],
            "mean": 0.0,
            "std": 0.0,
            "count": 3
        },
        "AR_medium": {
            "values": [
                0.0,
                0.0,
                0.0
            ],
            "mean": 0.0,
            "std": 0.0,
            "count": 3
        },
        "AR_large": {
            "values": [
                0.09176470588235294,
                0.0976470588235294,
                0.10941176470588235
            ],
            "mean": 0.0996078431372549,
            "std": 0.007336583111321452,
            "count": 3
        }
    },
    "yolo26n": {
        "AP": {
            "values": [
                0.000201750301368318,
                0.00023168957624648,
                0.0002680705848827945
            ],
            "mean": 0.00023383682083253084,
            "std": 2.711768175741159e-05,
            "count": 3
        },
        "AP50": {
            "values": [
                0.0003952089687285601,
                0.0005639109929908607,
                0.0008531444456571853
            ],
            "mean": 0.000604088135792202,
            "std": 0.0001890976420798197,
            "count": 3
        },
        "AP75": {
            "values": [
                0.00018799476106034366,
                0.0001932143513822369,
                0.00014920067384682471
            ],
            "mean": 0.00017680326209646842,
            "std": 1.9633953402912807e-05,
            "count": 3
        },
        "AP_small": {
            "values": [
                0.0,
                0.0,
                0.0
            ],
            "mean": 0.0,
            "std": 0.0,
            "count": 3
        },
        "AP_medium": {
            "values": [
                0.0,
                0.0,
                6.828269033799931e-05
            ],
            "mean": 2.2760896779333104e-05,
            "std": 3.218876891710697e-05,
            "count": 3
        },
        "AP_large": {
            "values": [
                0.0003584792954325093,
                0.00044113861198414694,
                0.00048512133311015256
            ],
            "mean": 0.00042824641350893626,
            "std": 5.249893975392629e-05,
            "count": 3
        },