{
    "model_variant": "unknown",
    "run_name": "rtdetr-l_seed_999",
    "split": "test",
    "metrics": {
        "AP": 8.585394455073946e-06,
        "AP50": 5.8522086703240256e-05,
        "AP75": 0.0,
        "AP_small": 0.0,
        "AP_medium": 5.638238206675102e-06,
        "AP_large": 5.388463374639351e-05,
        "AR_max1": 0.000625,
        "AR_max10": 0.000625,
        "AR_max100": 0.005625,
        "AR_small": 0.0,
        "AR_medium": 0.005479452054794521,
        "AR_large": 0.0058823529411764705
    }
}