{
    "model_variant": "unknown",
    "run_name": "rtdetr-l_seed_999",
    "split": "test",
    "metrics": {
        "AP": 0.0001153050108084106,
        "AP50": 0.0005116017989505737,
        "AP75": 1.8748916078289222e-05,
        "AP_small": 0.0,
        "AP_medium": 0.00010278486726590676,
        "AP_large": 0.00018939032146357215,
        "AR_max1": 0.0,
        "AR_max10": 0.005625,
        "AR_max100": 0.039375,
        "AR_small": 0.0,
        "AR_medium": 0.021917808219178082,
        "AR_large": 0.05529411764705883
    }
}