{
    "model_variant": "unknown",
    "run_name": "rtdetr-l_seed_100",
    "split": "test",
    "metrics": {
        "AP": 0.00022679476201490246,
        "AP50": 0.0006813254461592353,
        "AP75": 8.271965311484552e-05,
        "AP_small": 0.0,
        "AP_medium": 7.65265703488768e-05,
        "AP_large": 0.00047666395454144177,
        "AR_max1": 0.000625,
        "AR_max10": 0.010625,
        "AR_max100": 0.05375,
        "AR_small": 0.0,
        "AR_medium": 0.03150684931506849,
        "AR_large": 0.07411764705882354
    }
}