{
    "model_variant": "unknown",
    "run_name": "rtdetr-l_seed_42",
    "split": "test",
    "metrics": {
        "AP": 3.2229785478547855e-07,
        "AP50": 3.222978547854785e-06,
        "AP75": 0.0,
        "AP_small": 0.0,
        "AP_medium": 1.62311313098523e-05,
        "AP_large": 0.0,
        "AR_max1": 0.0,
        "AR_max10": 0.0,
        "AR_max100": 0.000625,
        "AR_small": 0.0,
        "AR_medium": 0.0013698630136986301,
        "AR_large": 0.0
    }
}