{
    "model_variant": "unknown",
    "run_name": "rtdetr-l_seed_42",
    "split": "test",
    "metrics": {
        "AP": 2.418936070531038e-05,
        "AP50": 7.662931827333599e-05,
        "AP75": 1.3808912271980335e-05,
        "AP_small": 0.0,
        "AP_medium": 3.237984591591362e-05,
        "AP_large": 5.13116490744788e-05,
        "AR_max1": 0.0,
        "AR_max10": 0.0018750000000000004,
        "AR_max100": 0.01125,
        "AR_small": 0.0,
        "AR_medium": 0.010958904109589041,
        "AR_large": 0.011764705882352941
    }
}