{
    "model_variant": "unknown",
    "run_name": "yolo26s_seed_42",
    "split": "test",
    "metrics": {
        "AP": 0.00021901009866942618,
        "AP50": 0.0008709460516155693,
        "AP75": 6.912225366391036e-05,
        "AP_small": 0.0,
        "AP_medium": 7.024303952164979e-05,
        "AP_large": 0.0004131972707238726,
        "AR_max1": 0.0,
        "AR_max10": 0.009375,
        "AR_max100": 0.058125,
        "AR_small": 0.0,
        "AR_medium": 0.00684931506849315,
        "AR_large": 0.10352941176470587
    }
}