{
    "model_variant": "unknown",
    "run_name": "yolo26s_seed_100",
    "split": "test",
    "metrics": {
        "AP": 0.00011554131141150463,
        "AP50": 0.0004436354184865247,
        "AP75": 4.484661645071931e-05,
        "AP_small": 0.0,
        "AP_medium": 0.0,
        "AP_large": 0.00023692428761343088,
        "AR_max1": 0.0,
        "AR_max10": 0.00125,
        "AR_max100": 0.04625,
        "AR_small": 0.0,
        "AR_medium": 0.0,
        "AR_large": 0.08705882352941176
    }
}