{
    "model_variant": "unknown",
    "run_name": "yolo11n_seed_42",
    "split": "test",
    "metrics": {
        "AP": 0.000679836747869673,
        "AP50": 0.0020824956477176002,
        "AP75": 0.00014855590574937026,
        "AP_small": 0.0,
        "AP_medium": 0.0,
        "AP_large": 0.0011907982740300502,
        "AR_max1": 0.003125,
        "AR_max10": 0.01125,
        "AR_max100": 0.05187499999999999,
        "AR_small": 0.0,
        "AR_medium": 0.0,
        "AR_large": 0.0976470588235294
    }
}