{
    "model_variant": "unknown",
    "run_name": "yolo11n_seed_999",
    "split": "test",
    "metrics": {
        "AP": 0.00030341322115179993,
        "AP50": 0.0011020765758416556,
        "AP75": 7.304308446337072e-05,
        "AP_small": 0.0,
        "AP_medium": 0.0,
        "AP_large": 0.000583636991043802,
        "AR_max1": 0.0,
        "AR_max10": 0.008125,
        "AR_max100": 0.058124999999999996,
        "AR_small": 0.0,
        "AR_medium": 0.0,
        "AR_large": 0.10941176470588235
    }
}