{
    "model_variant": "unknown",
    "run_name": "yolo11s_seed_100",
    "split": "test",
    "metrics": {
        "AP": 0.00013247902900167385,
        "AP50": 0.0004099726023544657,
        "AP75": 6.131503648873622e-05,
        "AP_small": 0.0,
        "AP_medium": 0.00011660152190334242,
        "AP_large": 0.0002212648097279321,
        "AR_max1": 0.0,
        "AR_max10": 0.0,
        "AR_max100": 0.053125,
        "AR_small": 0.0,
        "AR_medium": 0.010958904109589041,
        "AR_large": 0.09058823529411765
    }
}