{
    "model_variant": "unknown",
    "run_name": "yolo26s_seed_999",
    "split": "test",
    "metrics": {
        "AP": 0.00021216190651315208,
        "AP50": 0.0010621260294960912,
        "AP75": 4.257298416327674e-05,
        "AP_small": 0.0,
        "AP_medium": 0.0004250024133070876,
        "AP_large": 0.00032889783256187944,
        "AR_max1": 0.0,
        "AR_max10": 0.005,
        "AR_max100": 0.060625000000000005,
        "AR_small": 0.0,
        "AR_medium": 0.036986301369863014,
        "AR_large": 0.08235294117647059
    }
}