{
    "model_variant": "unknown",
    "run_name": "yolo11s_seed_42",
    "split": "test",
    "metrics": {
        "AP": 0.00023457572748847595,
        "AP50": 0.0007992968983845339,
        "AP75": 7.427189234567063e-05,
        "AP_small": 0.0,
        "AP_medium": 5.045090496310778e-05,
        "AP_large": 0.000425781807172806,
        "AR_max1": 0.0,
        "AR_max10": 0.0,
        "AR_max100": 0.064375,
        "AR_small": 0.0,
        "AR_medium": 0.005479452054794521,
        "AR_large": 0.11647058823529413
    }
}