{
    "model_variant": "unknown",
    "run_name": "yolo11s_seed_999",
    "split": "test",
    "metrics": {
        "AP": 0.00021412145097447893,
        "AP50": 0.0007582101956116868,
        "AP75": 5.704156319449868e-05,
        "AP_small": 0.0,
        "AP_medium": 1.609917089269903e-05,
        "AP_large": 0.0003999498991426532,
        "AR_max1": 0.0,
        "AR_max10": 0.011250000000000001,
        "AR_max100": 0.06000000000000001,
        "AR_small": 0.0,
        "AR_medium": 0.0013698630136986301,
        "AR_large": 0.11176470588235295
    }
}