{
    "model_variant": "unknown",
    "run_name": "yolo11n_seed_100",
    "split": "test",
    "metrics": {
        "AP": 0.00015766440562135173,
        "AP50": 0.0005016931671255705,
        "AP75": 3.335408608775844e-05,
        "AP_small": 0.0,
        "AP_medium": 0.0,
        "AP_large": 0.00031299928010819955,
        "AR_max1": 0.0,
        "AR_max10": 0.00625,
        "AR_max100": 0.048749999999999995,
        "AR_small": 0.0,
        "AR_medium": 0.0,
        "AR_large": 0.09176470588235294
    }
}