{
    "model_variant": "unknown",
    "run_name": "yolo26n_seed_999",
    "split": "test",
    "metrics": {
        "AP": 0.0002680705848827945,
        "AP50": 0.0008531444456571853,
        "AP75": 0.00014920067384682471,
        "AP_small": 0.0,
        "AP_medium": 6.828269033799931e-05,
        "AP_large": 0.00048512133311015256,
        "AR_max1": 0.005625,
        "AR_max10": 0.013125000000000001,
        "AR_max100": 0.044375,
        "AR_small": 0.0,
        "AR_medium": 0.0013698630136986301,
        "AR_large": 0.0823529411764706
    }
}