{
    "model_variant": "unknown",
    "run_name": "yolo26n_seed_100",
    "split": "test",
    "metrics": {
        "AP": 0.000201750301368318,
        "AP50": 0.0003952089687285601,
        "AP75": 0.00018799476106034366,
        "AP_small": 0.0,
        "AP_medium": 0.0,
        "AP_large": 0.0003584792954325093,
        "AR_max1": 0.000625,
        "AR_max10": 0.015625,
        "AR_max100": 0.032499999999999994,
        "AR_small": 0.0,
        "AR_medium": 0.0,
        "AR_large": 0.06117647058823529
    }
}