{
    "model_variant": "unknown",
    "run_name": "yolo26n_seed_42",
    "split": "test",
    "metrics": {
        "AP": 0.00023168957624648,
        "AP50": 0.0005639109929908607,
        "AP75": 0.0001932143513822369,
        "AP_small": 0.0,
        "AP_medium": 0.0,
        "AP_large": 0.00044113861198414694,
        "AR_max1": 0.0,
        "AR_max10": 0.010625,
        "AR_max100": 0.044375000000000005,
        "AR_small": 0.0,
        "AR_medium": 0.0,
        "AR_large": 0.08352941176470588
    }
}